text,is_claim,claim_type,paper_name,confidence
Our proposed system achieved 95% accuracy in detecting early-stage tumors,1,Performance Comparison,testThesis,3
We observed a 34% reduction in diagnosis time,1,Performance Comparison,testThesis,3
This paper is organized as follows,0,,testThesis,3
The correlation between our model's predictions and biopsy results was 0.92,1,Statistical Claim,testThesis,3
To the best of our knowledge, this is the first study to tackle cross-topic claim detection,1,Novelty Claim,Check-worthy claim detection across topics 003,3
We propose AraCWA, an improved model that incorporates few-shot learning,1,Methodology Claim,Check-worthy claim detection across topics 003,3
However, existing models suffer from limitations in generalizability,1,Research Gap,Check-worthy claim detection across topics 003,3
The p-value was less than 0.001,1,Statistical Claim,testThesis,3
We implemented our model using PyTorch and trained it on NVIDIA A100 GPUs,1,Methodology Claim,testThesis,2
The model was trained using Adam optimizer with a learning rate of 1e-5,1,Methodology Claim,testThesis,2
The results are presented in Table 2,1,General Finding,testThesis,1
Figure 3 illustrates the relationship between variables,1,General Finding,testThesis,1
This research was supported by NSF grant IIS-1234567,0,,testThesis,3
The authors thank the anonymous reviewers for their helpful comments,0,,testThesis,3
Copyright 2024 by the authors,0,,testThesis,3
All code and data are available on GitHub,0,,testThesis,3
Valsci unites retrieval-augmented generation with structured bibliometric scoring,1,Methodology Claim,Valsci an open-source self-hostable,2
Valsci significantly outperforms base GPT-4o outputs in citation hallucination rate,1,Performance Comparison,Valsci an open-source self-hostable,3
The system can process hundreds of claims per hour,1,Performance Comparison,Valsci an open-source self-hostable,2
LLMs often struggle with hallucinations when deployed as stand-alone tools,1,Research Gap,Valsci an open-source self-hostable,3
CliVER achieved a notable F1 score of 0.92,1,Performance Comparison,Retrieval augmented scientific claim verification,3
The ensemble model outperforms each individual model by 3% to 11%,1,Performance Comparison,Retrieval augmented scientific claim verification,3
Future studies are warranted to further test its clinical utility,1,Research Gap,Retrieval augmented scientific claim verification,2
PCD is a more systematic and transparent version of claim detection,1,Methodology Claim,Propositional claim detection a task and dataset 005,2
Models trained on this dataset can be used for various purposes,1,General Finding,Propositional claim detection a task and dataset 005,2
Both questions have a positive answer,1,General Finding,Propositional claim detection a task and dataset 005,1
We make the following novel contributions,1,Novelty Claim,Check-worthy claim detection across topics 003,3
Existing claim detection models have been developed for and tested on datasets,1,Research Gap,Check-worthy claim detection across topics 003,2
Our work is the first to tackle the check-worthy claim detection task across topics,1,Novelty Claim,Check-worthy claim detection across topics 003,3
CLAIM VERIFICATION PIPELINE: Document Retrieval â†’ Sentence Selection â†’ Label Prediction,1,Methodology Claim,Retrieval augmented scientific claim verification,2
Automated Fact-Checking (AFC) is the automated verification of claim accuracy,1,General Finding,Automated Justification Production for Claim Veracity in Fact Checking A Survey on Architectures and Approaches 007,3
"AFC is crucial in discerning truth from misinformation, especially given the huge amounts of content
are generated online daily,1,Methodology Claim,Automated Justification Production for Claim Veracity in Fact Checking A Survey on Architectures and Approaches 007,3"
Current research focuses on predicting claim veracity through metadata analysis and language scrutiny, with an emphasis on justifying verdicts,1,Methodology Claim,Automated Justification Production for Claim Veracity in Fact Checking A Survey on Architectures and Approaches 007,3
This paper surveys recent methodologies, proposing a comprehensive taxonomy and presenting the evolution of research in that landscape,0,,Automated Justification Production for Claim Veracity in Fact Checking A Survey on Architectures and Approaches 007,3
A comparative analysis of methodologies and future directions for improving fact-checking explainability are also discussed ,0,,Automated Justification Production for Claim Veracity in Fact Checking A Survey on Architectures and Approaches 007,3
The huge increase in both user-generated and automated content has led to a significant amount of misinformation,1,Statistical Claim,Automated Justification Production for Claim Veracity in Fact Checking A Survey on Architectures and Approaches 008,3
This poses risks to uninformedreaders, highlighting the need for scalable, automated methods for verification and fact-checking,1,General Finding,Automated Justification Production for Claim Veracity in Fact Checking A Survey on Architectures and Approaches 009,3
While predicting the veracity of claims is essential, relying solely on predictions without providing explanations can be counterproductive, potentially reinforcing belief in false claims and perpetuating misinformation (Lewandowsky et al,1,Research Gap,Automated Justification Production for Claim Veracity in Fact Checking A Survey on Architectures and Approaches 010,3
Most fact-checking models use neural architectures, but interpreting these models is challenging,1,General Finding,Automated Justification Production for Claim Veracity in Fact Checking A Survey on Architectures and Approaches 011,3
There is a need for fact-checking frameworks providing justifications to enhance effectiveness and trustworthiness,1,Methodology Claim,Automated Justification Production for Claim Veracity in Fact Checking A Survey on Architectures and Approaches 012,3
This survey presents recent efforts addressing automatic justification production for claim verification, emphasizing the move towards “Explainable” Automated Fact-Checking,1,Novelty Claim,Automated Justification Production for Claim Veracity in Fact Checking A Survey on Architectures and Approaches 013,3
Some work refers to the justification production process as the explanation generation process (Kotonya and Toni, 2020a),1,General Finding,Automated Justification Production for Claim Veracity in Fact Checking A Survey on Architectures and Approaches 014,3
In this survey, the term “justification production” is used following the work of Guo et a,0,,Automated Justification Production for Claim Veracity in Fact Checking A Survey on Architectures and Approaches 015,3
This survey’s main contribution is as follows: Firstly, it introduces a multidimensional taxonomy for categorizing works based on various criteria,0,,Automated Justification Production for Claim Veracity in Fact Checking A Survey on Architectures and Approaches 016,3
Secondly, it provides how research is progressing towards standard justifications,0,,Automated Justification Production for Claim Veracity in Fact Checking A Survey on Architectures and Approaches 017,3
Thirdly, it conducts a comparative analysis of justification production approaches, pipeline architectures, input and output types,0,,Automated Justification Production for Claim Veracity in Fact Checking A Survey on Architectures and Approaches 018,3
Lastly, it identifies challenges while proposing future directions in justification production,0,,Automated Justification Production for Claim Veracity in Fact Checking A Survey on Architectures and Approaches 019,3
Appendix A outlines the methodology utilized for literature compilation, detailing the search strategy and selection criteria employed for the papers that form the cornerstone of this survey,0,,Automated Justification Production for Claim Veracity in Fact Checking A Survey on Architectures and Approaches 020,3
Thorne and Vlachos (2018) provided a comprehensive review of early developments in fact-checking, but they don’t focus on verdicts with justifications,1,Research Gap,Automated Justification Production for Claim Veracity in Fact Checking A Survey on Architectures and Approaches 021,3
In contrast, our work specifically concentrates on the aspect of justification production,1,Novelty Claim,Automated Justification Production for Claim Veracity in Fact Checking A Survey on Architectures and Approaches 022,3
", 2022; Vladika and Matthes, 2023) mention that natural language justification production remains unexplored in the multi-modal AFC domain,1,Research Gap,Automated Justification Production for Claim Veracity in Fact Checking A Survey on Architectures and Approaches 023,3"
The survey by Kotonya and Toni (2020a), focusing on justification production, is closely related to ours,1,General Finding,Automated Justification Production for Claim Veracity in Fact Checking A Survey on Architectures and Approaches 024,3
However, since then, there has been a significant progress driven by the rapid development of transformer-based architectures and Large Language Models (LLMs),1,General Finding,Automated Justification Production for Claim Veracity in Fact Checking A Survey on Architectures and Approaches 025,3
(2023) only augmented the latter work’s taxonomy with counterfactual justifications,1,General Finding,Automated Justification Production for Claim Veracity in Fact Checking A Survey on Architectures and Approaches 026,3
While partially covering some recent work, they do not provide a comprehensive, new, detailed multi-dimensional taxonomy as proposed in this survey,1,Research Gap,Automated Justification Production for Claim Veracity in Fact Checking A Survey on Architectures and Approaches 027,3
Justification Production within AFC consists of multiple stages forming a pipeline, as shown in Figure 1,0,,Automated Justification Production for Claim Veracity in Fact Checking A Survey on Architectures and Approaches 028,3
One of these stages is justification production,1,General Finding,Automated Justification Production for Claim Veracity in Fact Checking A Survey on Architectures and Approaches 029,3
In the upcoming subsections, a brief overview of the general stages in the AFC pipeline is provided, with a specific focus on the justification production stage,0,,Automated Justification Production for Claim Veracity in Fact Checking A Survey on Architectures and Approaches 030,3
Check-worthy Claims Detection Stage This initial stage classifies the claims as checkworthy or not,1,Methodology Claim,Automated Justification Production for Claim Veracity in Fact Checking A Survey on Architectures and Approaches 031,3
If they are check-worthy, then they are selected from the corpus containing them,1,Methodology Claim,Automated Justification Production for Claim Veracity in Fact Checking A Survey on Architectures and Approaches 032,3
Deeming if a claim is check-worthy or not is based on the importance of the topic of the claim, if it is verifiable, and if the claim poses potential harm in case it is misleading (Guo et al,1,Methodology Claim,Automated Justification Production for Claim Veracity in Fact Checking A Survey on Architectures and Approaches 033,3
Retrieval and Selection of Most Relevant Evidence This stage retrieves data related to the claim from trustworthy sources and selects the most relevant information to make a decision, which is termed the evidence,1,Methodology Claim,Automated Justification Production for Claim Veracity in Fact Checking A Survey on Architectures and Approaches 034,3
In the subsequent stage, this evidence is used to predict the veracity of the claim,1,Methodology Claim,Automated Justification Production for Claim Veracity in Fact Checking A Survey on Architectures and Approaches 035,3
The determination of veracity depends on the degree of alignment between the claim and the evidence,1,General Finding,Automated Justification Production for Claim Veracity in Fact Checking A Survey on Architectures and Approaches 036,3
For example, the veracity of the claim ‘The director of the film ‘Legend’ is English’ could depend on the following evidence snippets gathered from multiple trustworthy websites: ‘Brian Helgeland is the director of the film ‘Legend”, and Brian Helgeland only holds a U,1,General Finding,Automated Justification Production for Claim Veracity in Fact Checking A Survey on Architectures and Approaches 037,3
Veracity Prediction of the Claim This stage classifies claims according to a binary scheme, true or false, or through finerained multiclass classification including also other verdicts such as “partially correct”, or “correct but misleading without extra context”,1,Methodology Claim,Automated Justification Production for Claim Veracity in Fact Checking A Survey on Architectures and Approaches 038,3
Following the example in the previous section, the claim ‘The director of the film ‘Legend’ is English’ should be determined as ‘False’ as it is not aligned with the evidence,1,Methodology Claim,Automated Justification Production for Claim Veracity in Fact Checking A Survey on Architectures and Approaches 039,3
Justification Production This stage produces justifications to explain the verdict of an AFC model regarding a claim’s veracity,1,Methodology Claim,Automated Justification Production for Claim Veracity in Fact Checking A Survey on Architectures and Approaches 040,3
’ Hence, the inputs for a justification production component are the claim and the selected evidence,1,Methodology Claim,Automated Justification Production for Claim Veracity in Fact Checking A Survey on Architectures and Approaches 041,3
"The veracity verdict may also be an input, depending on the pipeline architectures of the AFC systems that are explained in Section
,1,Methodology Claim,Automated Justification Production for Claim Veracity in Fact Checking A Survey on Architectures and Approaches 042,3"
are shown in our proposed classification of pipelines (see Figure 2),0,,Automated Justification Production for Claim Veracity in Fact Checking A Survey on Architectures and Approaches 043,3
We propose categorizing the work in justification production not only based on these pipeline architectures but also on additional dimensions (see Figure 3),1,Research Gap,Automated Justification Production for Claim Veracity in Fact Checking A Survey on Architectures and Approaches 044,3
A key dimension is the explainability of the justification production process,1,General Finding,Automated Justification Production for Claim Veracity in Fact Checking A Survey on Architectures and Approaches 045,3
The steps of the process leading to the prediction of the claim’s veracity and its justification can be self-explainable or not,1,General Finding,Automated Justification Production for Claim Veracity in Fact Checking A Survey on Architectures and Approaches 046,3
In addition, the input type is an important dimension,1,General Finding,Automated Justification Production for Claim Veracity in Fact Checking A Survey on Architectures and Approaches 047,3
It can be either multi-modal or textonly,0,,Automated Justification Production for Claim Veracity in Fact Checking A Survey on Architectures and Approaches 048,3
Another dimension is the nature of the justification output,1,Methodology Claim,Automated Justification Production for Claim Veracity in Fact Checking A Survey on Architectures and Approaches 049,2
"It may be natural language text, or just highlighted parts of the input, like bold/highlighted words in the claim and evidence, or specific factual triples in the form Subject, Predicate, Object (SPO) (see Figure 4 for illustrative
examples),0,,Automated Justification Production for Claim Veracity in Fact Checking A Survey on Architectures and Approaches 050,3"
The relevant evidence rationals are selected nodes in the graph, and the edges represent the relations between these selected nodes,1,Methodology Claim,Automated Justification Production for Claim Veracity in Fact Checking A Survey on Architectures and Approaches 051,2
LLMs Retrieval Augmented Generation (RAG) or Fine-tuning based approaches where LLMs are used via prompting to verify the alignment between the claim and the evidence rationals producing the veracity verdict and the justification for the verdict,1,Methodology Claim,Automated Justification Production for Claim Veracity in Fact Checking A Survey on Architectures and Approaches 052,3
The quality of the justifications produced by these approaches is evaluated based on the presence of certain desired properties, which will be discussed in Section 4,0,,Automated Justification Production for Claim Veracity in Fact Checking A Survey on Architectures and Approaches 053,3
Progression towards Justifications Standardization The aim of justification production is to create a justification that aligns with specific, agreed-upon criteria (Sokol and Flach, 2019), which we refer to as a standard justification,1,Methodology Claim,Automated Justification Production for Claim Veracity in Fact Checking A Survey on Architectures and Approaches 054,2
Achieving high-quality justifications involves considering certain desired properties known as ‘desiderata’ (Kulesza et al,1,General Finding,Automated Justification Production for Claim Veracity in Fact Checking A Survey on Architectures and Approaches 055,3
Researchers have collectively agreed upon these desired properties (Sokol and Flach, 2019),0,,Automated Justification Production for Claim Veracity in Fact Checking A Survey on Architectures and Approaches 056,3
Producing justifications aligned with these desired properties is crucial for standardizing justifications in explainable AFC,1,Methodology Claim,Automated Justification Production for Claim Veracity in Fact Checking A Survey on Architectures and Approaches 057,3
These properties were defined with further details by Kotonya and Toni (2020a), who also added the desideratum of unbiased or impartial justifications,0,,Automated Justification Production for Claim Veracity in Fact Checking A Survey on Architectures and Approaches 058,3
In the context of fact-checking, bias usually manifests as opinions masquerading as evidence,1,General Finding,Automated Justification Production for Claim Veracity in Fact Checking A Survey on Architectures and Approaches 059,3
To maintain local coherence, there should be no contradiction between any two sentences in the justification,1,General Finding,Automated Justification Production for Claim Veracity in Fact Checking A Survey on Architectures and Approaches 060,3
(2022) started the first attempt to generate standard justifications by adding some desired properties ,1,Novelty Claim,Automated Justification Production for Claim Veracity in Fact Checking A Survey on Architectures and Approaches 061,3
faithfulness/coherence, and data consistency) as additional learning signals in the loss function of a transformer-based model (Vaswani et al,1,Methodology Claim,Automated Justification Production for Claim Veracity in Fact Checking A Survey on Architectures and Approaches 062,3
The data consistency evaluates the similarity of justifications for similar input instances,1,Methodology Claim,Automated Justification Production for Claim Veracity in Fact Checking A Survey on Architectures and Approaches 063,3
Datasets in AFC It’s worth noting that this survey focuses on providing a new taxonomy, a comparative analysis of justification production approaches, investigating pipeline architectures, addressing challenges encountered, and proposing future directions in AFC justification production,0,,Automated Justification Production for Claim Veracity in Fact Checking A Survey on Architectures and Approaches 064,3
Comprehensive examinations of datasets were covered thoroughly in previous surveys (mentioned in Section 2),0,,Automated Justification Production for Claim Veracity in Fact Checking A Survey on Architectures and Approaches 065,3
However, some information about datasets in AFC is also provided in this section,0,,Automated Justification Production for Claim Veracity in Fact Checking A Survey on Architectures and Approaches 066,3
The dataset might contain the needed content for all the stages of the fact-checking pipeline: claim detection, evidence retrieval and selection, veracity verdict production, and justification production,1,General Finding,Automated Justification Production for Claim Veracity in Fact Checking A Survey on Architectures and Approaches 067,3
The following paragraphs will discuss the type of content representing each stage with example datasets provided in Table 1,0,,Automated Justification Production for Claim Veracity in Fact Checking A Survey on Architectures and Approaches 068,3
Textual claims are the most common input for fact-checking because they are often produced after the claim detection stage,1,General Finding,Automated Justification Production for Claim Veracity in Fact Checking A Survey on Architectures and Approaches 069,3
Dataset in the scientific domain MultiFC (Augenstein et al,0,,Automated Justification Production for Claim Veracity in Fact Checking A Survey on Architectures and Approaches 070,3
No Artificially generated dataset and its evidence contains both text and tables Klinker (Ciampaglia et al,1,Research Gap,Automated Justification Production for Claim Veracity in Fact Checking A Survey on Architectures and Approaches 071,1
No A knowledge graph dataset WikiFactCheck (Sathe et al,0,,Automated Justification Production for Claim Veracity in Fact Checking A Survey on Architectures and Approaches 072,3
Many researchers have created datasets by collecting real-world claims from specialized websites like Politifact because they are easily accessible,1,General Finding,Automated Justification Production for Claim Veracity in Fact Checking A Survey on Architectures and Approaches 073,3
Some researchers concentrate on obtaining claims from specialized areas like climate change, science, and public health,1,General Finding,Automated Justification Production for Claim Veracity in Fact Checking A Survey on Architectures and Approaches 006,3
Other sentence-level inputs, such as answers to questions in forums, have also been investigated,1,General Finding,Automated Justification Production for Claim Veracity in Fact Checking A Survey on Architectures and Approaches 005,2
Some datasets are English, and some are multilingual,1,General Finding,Automated Justification Production for Claim Veracity in Fact Checking A Survey on Architectures and Approaches 004,3
Metadata, including information such as publication date, sources, and user profiles, is a common type of evidence considered,1,General Finding,Automated Justification Production for Claim Veracity in Fact Checking A Survey on Architectures and Approaches 003,3
Although metadata can provide complementary insights when textual sources or structural knowledge are lacking, it does not directly substantiate the claim,1,Research Gap,Automated Justification Production for Claim Veracity in Fact Checking A Survey on Architectures and Approaches 002,3
Text-based sources, such as news articles, academic publications, and Wikipedia entries, are frequently employed as evidence for fact-checking,1,General Finding,Automated Justification Production for Claim Veracity in Fact Checking A Survey on Architectures and Approaches 001,3
Multi-modal claims and evidence have recently been researched, and images and videos are considered more credible than text by most audiences,1,General Finding,Automated Justification Production for Claim Veracity in Fact Checking A Survey on Architectures and Approaches 000,3
Not all the datasets have a binary veracity verdict scheme,1,Research Gap,Automated Justification Production for Claim Veracity in Fact Checking A Survey on Architectures and Approaches 001,3
Fact-checkers often utilize multi-class labels to classify different levels of truthfulness, including categories such as ‘true,’ ‘mostly true,’ and ‘mixed,1,General Finding,Automated Justification Production for Claim Veracity in Fact Checking A Survey on Architectures and Approaches 002,3
From the perspective of justification production, AFC datasets can be classified into two categories: those without justifications and those with justifications,1,General Finding,Automated Justification Production for Claim Veracity in Fact Checking A Survey on Architectures and Approaches 003,3
Complementing datasets lacking justifications is important,1,General Finding,Automated Justification Production for Claim Veracity in Fact Checking A Survey on Architectures and Approaches 004,3
Table 1 includes datasets from both categories, with some being synthetically generated and others extracted from external sources like Wikipedia,0,,Automated Justification Production for Claim Veracity in Fact Checking A Survey on Architectures and Approaches 005,3
Justification Production Taxonomy Multiple dimensions or criteria for categorizing Explainable Automated Fact-Checking systems are outlined in this section,0,,Automated Justification Production for Claim Veracity in Fact Checking A Survey on Architectures and Approaches 006,3
We propose five dimensions (illustrated by the first five levels/columns of the Taxonomy tree in Figure 3),0,,Automated Justification Production for Claim Veracity in Fact Checking A Survey on Architectures and Approaches 007,3
Despite a body of research tackling the task, previous research has overlooked the challenging nature of identifying  check-worthy claims across different topics,1,Research Gap,Check-worthy claim detection across topics 003,3
In this article, we assess and quantify the challenge of detecting check-worthy claims for new, unseen topics,0,,Check-worthy claim detection across topics 003,3
After highlighting the problem, we propose the AraCWA model to mitigate the performance deterioration when detecting check-worthy claims across topics,0,,Check-worthy claim detection across topics 003,3
The AraCWA model enables boosting the performance for new topics by incorporating two components for fewshot learning and data augmentation,1,Methodology Claim,Check-worthy claim detection across topics 065,3
Using a publicly available dataset of Arabic tweets consisting of 14 different topics, we demonstrate that our proposed data augmentation strategy achieves substantial improvements across topics overall, where the extent of the improvement varies across topics,1,Performance Comparison,Check-worthy claim detection across topics 064,3
Further, we analyse the semantic similarities between topics, suggesting that the similarity metric could be used as a proxy to determine the dif?culty level of an unseen topic prior to undertaking the task of labelling the underlying sentences,1,General Finding,Check-worthy claim detection across topics 063,2
To alleviate this challenge, support from automated fact-checking systems is becoming increasingly necessary to help getting rid of misinformation (Zeng, Abumansour & Zubiaga, 2021),1,General Finding,Check-worthy claim detection across topics 062,3
One of the key components of an automated fact-checking pipeline is the check-worthy claim detection system, which given a collection of sentences as input, ranks them based on their need to be fact-checked (Shaar et al,1,General Finding,Check-worthy claim detection across topics 061,3
The ranked output can be used in different ways, among others by providing fact-checkers with the most important claims to work on, by feeding a claim verification system with the top claims to be checked, or by informing the general public that the top claims may be disputed and need veri?cation,1,General Finding,Check-worthy claim detection across topics 060,3
In recent years, there has been a body of research developing models for check-worthy claim detection (Konstantinovskiy et al,0,,Check-worthy claim detection across topics 059,3
Many of these systems have been tested against each other by competing on benchmark datasets released as part of the CheckThat,1,General Finding,Check-worthy claim detection across topics 058,3
The recent tendency of these models has been to use How to cite this article Abumansour AS, Zubiaga A,1,General Finding,Check-worthy claim detection across topics 057,3
Transformer models such as BERT and RoBERTa which have led to improved performance for detecting check-worthy claims in different languages including English and Arabic,1,Performance Comparison,Check-worthy claim detection across topics 056,3
Existing claim detection models have been developed for and tested on datasets that provide a mix of topics in both training and test data, in such a way that topics encountered in the test set were already seen during training,1,Research Gap,Check-worthy claim detection across topics 055,3
The objective of our work is to assess the extent of the problem of detecting checkworthy claims across topics,0,,Check-worthy claim detection across topics 054,3
simulating the scenario where new topics emerge and for which labelled data is lacking or limited,1,Research Gap,Check-worthy claim detection across topics 053,3
To undertake this challenge, we use an Arabic language dataset from the CheckThat,1,Methodology Claim,Check-worthy claim detection across topics 052,3
shared tasks which comprises a collection of checkworthy and not check-worthy claims distributed across 14 different topics,1,General Finding,Check-worthy claim detection across topics 051,3
We further propose AraCWA, an improved model that incorporates two additional components to enable few-shot learning and data augmentation,1,Methodology Claim,Check-worthy claim detection across topics 050,3
We test AraCWA with a range of few-shot and data augmentation settings to evaluate its effectiveness, achieving improvements of up to 11% over AraCW,1,Performance Comparison,Check-worthy claim detection across topics 049,3
To the best of our knowledge, our work is the ?rst to tackle the check-worthy claim detection task across topics,1,Novelty Claim,Check-worthy claim detection across topics 048,3
In doing so, we make the following novel contributions: We establish a methodology for cross-topic claim detection in both zero-shot and fewshot settings,1,Methodology Claim,Check-worthy claim detection across topics 047,3
We assess the extent of the challenge of detecting claims for new, unseen topics through zero-shot experiments,1,Methodology Claim,Check-worthy claim detection across topics 046,3
We propose an improved approach, AraCWA, which leverages few-shot learning in combination with data augmentation strategies to boost the performance on new topics,1,Methodology Claim,Check-worthy claim detection across topics 045,3
We perform a set of ablative experiments to assess the contribution of the data augmentation technique as well as the few-shot strategy,1,Methodology Claim,Check-worthy claim detection across topics 044,3
We perform an analysis of the characteristics of the topics under study, finding that the semantic similarity between topics can be a reasonable proxy to determine the diffculty level of a topic,1,Methodology Claim,Check-worthy claim detection across topics 043,3
In presenting the first study in cross-topic claim detection, our work also posits the need for more research in this challenging yet realistic scenario,1,Research Gap,Check-worthy claim detection across topics 042,3
While a large portion of the research in automated fact-checking has focused on claim verification (Pradeep et al,0,,Check-worthy claim detection across topics 041,3
work on check-worthy claim detection has been more limited,1,Research Gap,Check-worthy claim detection across topics 040,3
"However, the claim detection task constitutes an important ?rst step that identi?es the claims to be prioritised
and to be fed to the subsequent verification component,1,General Finding ,Check-worthy claim detection across topics 039,3"
Table 1 shows examples of two check-worthy and not check-worthy claim for the same topic,0,,Check-worthy claim detection across topics 038,3
In what follows, we discuss existing work in check-worthy claim detection with a particular focus on the Arabic language and data augmentation,0,,Check-worthy claim detection across topics 037,3
Existing research in check-worthy claim detection has primarily focused on sentences in the English language (Zeng, Abumansour & Zubiaga, 2021),1,Research Gap,Check-worthy claim detection across topics 036,3
This is the case, for example, of one of the first fact-checking systems developed in the field, ClaimBuster (Hassan et al,0,,Check-worthy claim detection across topics 035,3
"(2019) investigated the use of context and discourse features to improve the claim detection component; while this is a clever approach, it does not generalise to other types f datasets such as tweets in our case, given the limited context available typically in social media,1,Research Gap,Check-worthy claim detection across topics 034,3"
These shared tasks have provided a benchmark for researchers to study the task in a competitive manner, including publicly available datasets in multiple languages,1,General Finding ,Check-worthy claim detection across topics 033,3
In our study, we use the datasets available from these shared tasks in the Arabic language,1,Methodology Claim,Check-worthy claim detection across topics 032,3
Checkworthy claim detection for the Arabic language was first tackled by ClaimRank ,1,Novelty Claim,Check-worthy claim detection across topics 031,3
when training the neural network model with originally English sentences from political debates translated into Arabic,1,Methodology Claim,Check-worthy claim detection across topics 030,3
Gradient boosting and k-nearest neighbors, were inspected for the task in Arabic of check-worthiness at CheckThat,1,,Check-worthy claim detection across topics 029,3
The paradigm shift in the field of NLP occurred with the emergence of Transformers ,1,General Finding ,Check-worthy claim detection across topics 028,3
However, existing models focus on evaluating their performance on test sets whose topics overlap with those seen in the training data, without focusing on the challenges that different topics may pose to the task,1,Research Gap,Check-worthy claim detection across topics 027,3
As part of this study, we focus on the novel challenge of investigating how claim detection models perform differently for different topics,1,Novelty Claim,Check-worthy claim detection across topics 026,3
Data augmentation for claim detection Data augmentation techniques enable to leverage the (generally limited) existing data to generate new synthetic data through alterations,1,Methodology Claim,Check-worthy claim detection across topics 025,3
"By carefully altering the original data samples, one can augment the available training data with the newly generated samples; however, data augmentation techniques may also produce noisy samples which lead to performance deterioration, and therefore creation of useful samples is crucial,1,Methodology Claim,Check-worthy claim detection across topics 024,3"
Data augmentation strategies have also been successfully used to alleviate different problems,1,General Finding ,Check-worthy claim detection across topics 023,3
Data augmentation techniques have been barely used in claim detection,1,General Finding ,Check-worthy claim detection across topics 022,3
For example, Williams, Rodrigues & Tran (2021) used a contextual word embedding augmentation strategy in their participation in the 2021 CheckThat,1,Methodology Claim,Check-worthy claim detection across topics 021,3
These data augmentation techniques have however not been studied in the context of cross-topic claim detection,1,Research Gap,Check-worthy claim detection across topics 020,3
In our study, we propose the AraCWA model which provides the flexibility of being used with different data augmentation strategies,1,Methodology Claim,Check-worthy claim detection across topics 019,3
More specifically, we test three data augmentation strategies to evaluate their effectiveness in the cross-topic claim detection task, namely back-translation, contextual word embedding augmentation and text-generating augmentation,1,Methodology Claim,Check-worthy claim detection across topics 018,3
Rumour detection Related areas of research have focused on rumour detection,,General Finding ,Check-worthy claim detection across topics 017,3
Rumour detection is generally performed over breaking news events, which are of different nature compared to the claim detection task which typically focuses on other kinds of claims Abumansour and Zubiaga (2023), PeerJ Comput,1,Methodology Claim,Check-worthy claim detection across topics 016,3
Despite the commonalities between the two tasks, we are not aware of work detecting rumours across topics, not least in the Arabic language,1,Research Gap,Check-worthy claim detection across topics 015,3
Problem formulation and evaluation The check-worthy claim detection task consists in determining which of the sentences, out of a collection, constitute claims that should be fact-checked,1,Methodology Claim,Check-worthy claim detection across topics 014,3
shared tasks, we formulate it as a ranking task,1,Methodology Claim,Check-worthy claim detection across topics 013,3
As a ranking problem, the model needs to produce an ordered list of sentences in S, where the sentences in the top of the list are predicted as the most likely to be check-worthy claims,1,Methodology Claim,Check-worthy claim detection across topics 012,3
Ultimately, APc measures the average precision on the top N items for class c,1,Methodology Claim,Check-worthy claim detection across topics 011,3
After calculating the AP values for both classes, they are averaged to calculate the final MAP,1,Methodology Claim,Check-worthy claim detection across topics 010,3
We make combined use of two claim detection datasets in the Arabic language, CT20-AR and CT21-AR, released as part of two different editions of the CheckThat,1,Methodology Claim,Check-worthy claim detection across topics 009,3
The datasets contain tweets which are labelled as check-worthy or not check-worthy,1,General Finding ,Check-worthy claim detection across topics 008,3
The tweets are also categorised into topics, which allows us to set up the cross-topic experiments,1,General Finding ,Check-worthy claim detection across topics 007,3
We show the main statistics of these two datasets in Table 2,0,,Check-worthy claim detection across topics 006,3
The CT20-AR dataset This was released as part of the CheckThat,0,,Check-worthy claim detection across topics 005,3
After removing the overlapping tweets, this dataset provides two new topics with a total of 600 tweets (347 and 253 tweets for each topic),0,,Check-worthy claim detection across topics 004,3
The final, combined dataset contains 8,100 tweets distributed across 14 topics,1,General Finding ,Check-worthy claim detection across topics 003,3
See Table 6 in Appendix A for a list and description of these topics,0,,Check-worthy claim detection across topics 002,3
The CT20-AR and CT21-AR datasets differ slightly in the labels,1,General Finding ,Check-worthy claim detection across topics 001,3
Where the former only provides binary labels for check-worthy (CW) and not check-worthy (NCW), the latter provides two levels of labels: (i) claim (C) or not claim (NC), and (ii) check-worthy (CW) and not check-worthy (NCW),1,General Finding ,Check-worthy claim detection across topics 000,3
While inspecting the datasets, we found the average length of tweets in CT20-AR and CT21-AR datasets together is 178 charactersr,1,General Finding ,Check-worthy claim detection across topics 001,3
The distribution of labels in the entire dataset is clearly skewed towards the NCW class amounting to 71,1,Statistical Claim ,Check-worthy claim detection across topics 002,3
6% of the tweets, whereas the CW class only represents 28,1,Statistical Claim ,Check-worthy claim detection across topics 003,3
The large and ever-increasing amount of data available on the Internet coupled with the laborious task of manual claim and fact verification has sparked the interest in the development of automated claim verification systems ,1,General Finding ,Claim Verification in the Age of Large Language Models A Survey,3
learning and transformer-based models have been proposed for this task over the years,1,Methodology Claim,Claim Verification in the Age of Large Language Models A Survey,3
Gradient boosting and k-nearest neighbors were inspected for the task,1,Methodology Claim,Claim Verification in the Age of Large Language Models A Survey,3
With the introduction of Large Language Models (LLMs) and their superior performance in several NLP tasks, we have seen a surge of LLM-based approaches to claim verification along with the use of novel methods such as Retrieval Augmented Generation (RAG),1,General Finding ,Claim Verification in the Age of Large Language Models A Survey,3
In this survey, we present a comprehensive account of recent claim verification frameworks using LLMs,0,,Claim Verification in the Age of Large Language Models A Survey,3
We describe the different components of the claim verification pipeline used in these frameworks in detail including common approaches to retrieval, prompting, and fine-tuning,0,,Claim Verification in the Age of Large Language Models A Survey,3
False information is widely present on social media and on the Web motivating the development of automated fact verification systems,1,General Finding ,Claim Verification in the Age of Large Language Models A Survey,3
The introduction of LLMs has provided malicious actors with sophisticated ways of creating and disseminating false information,1,General Finding ,Claim Verification in the Age of Large Language Models A Survey,3
Recent election cycles saw a large number of claims spread across both social media and news platforms alike,1,General Finding ,Claim Verification in the Age of Large Language Models A Survey,3
Similarly, during the COVID-19 pandemic, many claims were spread across social media platforms,1,General Finding ,Claim Verification in the Age of Large Language Models A Survey,3
Many of these claims were factually inaccurate which led to the spread of misinformation,1,General Finding ,Claim Verification in the Age of Large Language Models A Survey,3
Fact-checking potentially false claims is an essential moderation task to reduce the spread of misinformation,1,General Finding ,Claim Verification in the Age of Large Language Models A Survey,3
Several organizations such as FactCheck, PolitiFact, NewsGuard, and Full Fact perform manual fact-checking to verify claims in different domains,0,,Claim Verification in the Age of Large Language Models A Survey,3
However, this has been regarded as a laborious task that requires domain expertise,0,,Claim Verification in the Age of Large Language Models A Survey,3
it has become less and less feasible due to the sheer volume of misinformation that can be generated by humans and AI models,1,General Finding ,Claim Verification in the Age of Large Language Models A Survey,3
Automated fact checking has become an increasingly popular approach to We use the terms claim verification and fact verification interchangeably given the overlap between the two concepts,1,General Finding ,Claim Verification in the Age of Large Language Models A Survey,3
Claim: “Homer Simpson is a cartoon character on Seinfeld,0,,Claim Verification in the Age of Large Language Models A Survey,3
Homer Simpson is a  character on The Simpsons,0,,Claim Verification in the Age of Large Language Models A Survey,3
verify the veracity of claims in a given text,1,General Finding ,Claim Verification in the Age of Large Language Models A Survey,3
There are several steps involved in the fact-verification pipelines, but the three main components are claim detection, evidence retrieval, and veracity prediction,1,Methodology Claim,Claim Verification in the Age of Large Language Models A Survey,3
Models used in these steps have followed the general methodological developments of the field and we have thus observed an increase in the use of LLMs for claim verification ,1,General Finding ,Claim Verification in the Age of Large Language Models A Survey,3
Figure 1 shows an example claim veracity scenario and compares the architectural differences between NLP-based  traditional) and LLM-based claim verification systems,0,,Claim Verification in the Age of Large Language Models A Survey,3
Compared to traditional systems which use NLP-based models, fact verification are less prone to error propagation, and provide explainable/in We acknowledge that claim verification models can also be applied to other modalities of data,1,Performance Comparison,Claim Verification in the Age of Large Language Models A Survey,3
In this survey, we address models applied to text only,0,,Claim Verification in the Age of Large Language Models A Survey,3
terpretable generations/justification when verifying claims,0,,Claim Verification in the Age of Large Language Models A Survey,3
Despite this, LLMs are pre-trained on very large collections of texts and are prone to hallucinations, often generating texts containing incorrect information,1,General Finding ,Claim Verification in the Age of Large Language Models A Survey,3
Furthermore, such models can be used to generate misinformation at scale ,1,General Finding ,Claim Verification in the Age of Large Language Models A Survey,3
and therefore they can be exploited by malicious actors to generate and spread wrong and factually incorrect information at an unprecedented rate,1,General Finding ,Claim Verification in the Age of Large Language Models A Survey,3
Furthermore, using these pre-trained models for fact-verification may generate incorrect veracity labels, as the models may also rely on obsolete information to assess the veracity of a claim,1,Methodology Claim,Claim Verification in the Age of Large Language Models A Survey,3
which aid the models in their decision-making abilities are used in this task for the model to get access to the most recent information during the fact-verification task,1,Methodology Claim,Claim Verification in the Age of Large Language Models A Survey,3
and applications to specialized domains such as scientific texts ,0,,Claim Verification in the Age of Large Language Models A Survey,3
However, all past related surveys, lack consideration for LLM-based approaches or focus on specific sub-tasks of the pipeline,1,Research Gap ,Claim Verification in the Age of Large Language Models A Survey,3
In this paper, we fill this important gap by surveying LLM-based frameworks proposed in recent years,0,,Claim Verification in the Age of Large Language Models A Survey,3
To the best of our knowledge, this is the first survey to explore claim verification with LLMs,1,Novelty Claim,Claim Verification in the Age of Large Language Models A Survey,3
We expect it to be a valuable resource to researchers in the field opening exciting new avenues for future research,0,,Claim Verification in the Age of Large Language Models A Survey,3
Search Criteria We search various well-known repositories 3 of scientific articles to collect the papers that serve as primary sources,0,,Claim Verification in the Age of Large Language Models A Survey,3
We apply queries including LLMs, claim verification, fact verification and related keywords on these repositories,1,Methodology Claim,Claim Verification in the Age of Large Language Models A Survey,3
We focus primarily on the ACL Anthology, the ACM Digital Library, and IEEE Xplore, and proceedings of related conferences such as AAAI and IJCAI,1,Methodology Claim,Claim Verification in the Age of Large Language Models A Survey,3
We further search on Scopus, Springer Link, and Science@Direct, and ArXiv,0,,Claim Verification in the Age of Large Language Models A Survey,3
We collected and reviewed over 100 papers based on our search terms and filter papers based on the following search criteria: (i) since the scope of our review is on textbased LLM claim verification systems, we omit papers related to multimodal approaches,0,,Claim Verification in the Age of Large Language Models A Survey,3
since our review focuses on LLM-based systems for claim veracity, we omit papers related to claim identification, claim detection, and/or detecting LLM-generated content,0,,Claim Verification in the Age of Large Language Models A Survey,3
Based on our filtering criteria, we collected a total of 49 papers related to LLM-based approaches for veracity labeling,0,,Claim Verification in the Age of Large Language Models A Survey,3
